Ux,Uy,Uz,ox,oy,oz,M00,M01,M02,M10,M11,M12,M20,M21,M22,tag
0,0,1,0,0,0,6.12323399574e-17,0,1,0,1,0,-1,0,6.12323399574e-17,hover_degenerate
0,0,1,0,0,2,6.12323399574e-17,0,1,0,1,0,-1,0,6.12323399574e-17,omega_parallel
0,0,1,0,0.6,0.3,6.12323399574e-17,0,1,-3.06161699787e-17,1,1.87469972833e-33,-1,-3.06161699787e-17,6.12323399574e-17,benchmark_spin
0,0,1,1,0,0,6.12323399574e-17,0,1,1,6.12323399574e-17,-6.12323399574e-17,-6.12323399574e-17,1,3.74939945665e-33,handedness
0.486696407748,-1.46012642615,-0.146840567631,-0.548870651171,-0.216166416695,-0.210299520531,0.314791082764,-0.944397310815,-0.094975225916,-0.905266811365,-0.268649366438,-0.329119306869,0.285304354075,0.189581742891,-0.939499967168,random
-0.655527640447,-0.286606650219,2.83775017087,0,-0,-0,-0.223993434347,-0.09793333481,0.969657673255,0.400599798717,-0.916253131655,0,0.888451879754,0.38844466873,0.244466759903,random
2.17412144146,-0.318797183257,-1.18674992805,0,0,0,0.870567609547,-0.127653633539,-0.475201627787,0.145081237051,0.989419746445,0,0.470173874075,-0.0689428400079,0.87987693057,random
0.705071734485,0.106495371921,0.910899447383,-0.547722982783,0.581153047944,0.242315289742,0.60949752321,0.0920596617966,0.787424782358,-0.594360555761,0.710351624912,0.377009414658,-0.524641114436,-0.697800535722,0.487674187741,random
0.293889777738,-0.230114862307,0.182416392256,1.00126041358,0.124114603882,-0.663757422545,0.707398846126,-0.553891289874,0.439080074133,0.652884180757,0.274055228834,-0.706141613323,0.270793498844,0.786192196954,0.55549321367,random
-0.10941998081,1.38864444246,-0.326921661019,-2.79480080236,-0.690696503607,1.35895533249,-0.0764747747363,0.970538197313,-0.228488985263,-0.92354101735,0.0174206475729,0.383103785298,0.375797283253,0.240316725584,0.894999594025,random
-0.0792908582028,0.816404521031,-0.383040024631,0.734069563024,-0.445016092246,0.891064138754,-0.0875875813484,0.901830286868,-0.423120017585,0.7287700381,0.347586536604,0.58998121253,0.679133747623,-0.25668216389,-0.687671156571,random
2.44274984375,-0.445457978376,2.03362074236,-0,-0,0,0.761093062252,-0.138792344101,0.633619788052,0.179400650428,0.983776095779,0,-0.623340001298,0.1136718021,0.773644598113,random
-0.8465401929,0.990005320207,0.93853906727,3.98103729386,3.56072408769,0.547002758188,-0.527278573211,0.616637694333,0.584581269081,0.784729057896,0.617238157195,0.0567218035401,-0.325849063104,0.48864610019,-0.809349971794,random
-0.81511151224,-1.54595635853,0.0827780966205,-0.0388863969409,-0.167506666133,-0.544391316263,-0.465873849717,-0.883585410619,0.0473115027401,0.0478996919886,-0.0785730170174,-0.995756948509,0.883553719735,-0.461630916576,0.0789285829361,random
1.38111985137,0.0873431713472,-2.17754378021,-0,-0,0,0.535300973062,0.0338528800133,-0.843982731313,-0.0631147493453,0.998006276741,0,0.842300063311,0.0532677585385,0.536370347098,random
0.213562052319,2.18901139089,0.504427103136,0.0894993600387,0.300816472787,-0.0636569178219,0.0946427377763,0.970088219357,0.223543281827,0.433647571725,0.161953492568,-0.886408963054,-0.896098507823,0.180831172393,-0.405348678754,random
-0.162132654537,-0.904553372699,-1.1027984583,2.47231792762,-1.78723095683,-0.976664472112,-0.112944855562,-0.630130002613,-0.768231501183,0.955403593599,-0.281195502385,0.090183495032,-0.272850568883,-0.723785375126,0.633788054332,random
0.29945607608,-0.204736966433,-0.420012339146,-0,-0,-0,0.539581052836,-0.368909488658,-0.756807820122,0.564394658661,0.825505099484,0,0.62474871484,-0.42713829131,0.65363745563,random
0.986391816523,0.498623342184,-0.449714572008,0.810769247419,0.700163645779,0.366291999271,0.826645460774,0.41787119028,-0.376883205403,0.16631939403,0.458394500137,0.873047731464,0.537582683269,-0.784383930597,0.309429649632,random
-0.670964074064,0.0807916850309,0.551930547545,0.0702358555785,-1.61028924995,0.827635576096,-0.768967222883,0.0925923757646,0.632547280511,0.177543726336,-0.919601091711,0.350445512688,0.614139752312,0.38178591393,0.690703902229,random
0.70692409096,0.00935304426989,-0.675618043855,1.37481382888,-1.69883687245,-3.27897544731,0.722900003245,0.00956441550022,-0.690886464815,-0.433131798868,-0.772783074482,-0.463899951071,-0.53834229828,0.634598173453,-0.55450223456,random
2.40927138396,-1.01970672158,0.16802634781,-1.21794067028,-0.2645903712,-1.15705375687,0.919018922896,-0.388968125044,0.0640938145078,-0.165296827883,-0.527827839535,-0.833111475436,0.357884308192,0.755050706583,-0.549378969782,random
-1.13069231898,-1.35045307083,-0.0176929717439,0.0313842754201,0.117765343389,0.0774009817966,-0.641931120837,-0.766696508716,-0.0100448804611,-0.434559347598,0.352987261612,0.828588056005,-0.631729854856,0.536261556204,-0.559768643121,random
-1.07419254053,-0.0636314575437,1.50038227433,-2.13399608083,-1.30778350495,3.60947703462,-0.581785887871,-0.0344629874318,0.812611520452,0.263239609109,-0.953304987524,0.148035498977,0.769564869826,0.30003650321,0.563691411919,random
-0.3093806293,0.827661630661,0.617728665741,-1.84204042672,0.642819800169,0.994293012131,-0.286964787504,0.767694294583,0.572971797558,-0.921222144738,-0.385173369566,0.0546921879325,0.262680358566,-0.512139576133,0.817748178709,random
-0.195143804147,0.345205439869,0.131825136004,0.329044946034,-0.863186683311,-0.594626132479,-0.466982498238,0.826082587761,0.315459830307,-0.528721421558,0.0251065064417,-0.848424022361,-0.708788406172,-0.562989539452,0.425043261025,random
-0.579442777731,1.78916321291,1.28917062541,2.90641777743,1.86874796064,-0.75467360716,-0.25413130723,0.784689021279,0.565402881643,0.846468981811,0.463254213908,-0.262461037352,-0.467875562,0.411896435019,-0.78194231584,random
-0.746486080283,1.65515290508,-1.77324593202,-0,0,-0,-0.294129921421,0.652162185966,-0.698693117557,-0.911577556584,-0.411128153175,0,-0.287252411057,0.636912964904,0.715421503366,random
-0.185896891365,-1.49497978774,-0.965389854057,-0,0,-0,-0.103895177299,-0.835523332128,-0.539542911735,0.992357374588,-0.123397087086,0,-0.0665780236657,-0.535419387367,0.841958102519,random
1.39478027269,-0.978640576825,0.0894998799637,-1.88967227595,-0.219763569117,-1.76631357964,0.817471813731,-0.573574994563,0.0524553082912,-0.309943899402,-0.514837340175,-0.799297999738,0.485463297253,0.637145382761,-0.598641084663,random
-0.0405985287578,0.212935534881,-0.186957916828,-2.15774634798,0.340474037072,1.7059716866,-0.141825474693,0.74386152005,-0.653112221381,-0.82356984922,0.277381795751,0.494764633783,0.549197813346,0.608053762734,0.573282115054,random
-0.5253911178,0.599110226902,0.495202942521,2.09687133448,-0.504968561704,-1.89827433788,-0.560006819974,0.638582955848,0.527829679048,0.491813954664,0.768934755438,-0.408483017857,-0.666716878128,0.0308407259982,-0.744672716057,random
-0.439287036953,1.24723639269,-0.481707815334,2.2189508415,-2.10983643124,-1.74806287719,-0.31213929862,0.886234876239,-0.342281758781,0.548455545609,-0.126086252604,-0.826618879166,-0.775735504375,-0.445746565934,-0.446703958132,random
-1.56409064495,1.15346280595,1.53026458405,-2.40363270392,1.48774343096,-0.35989141694,-0.632320271454,0.466314351361,0.61864529419,-0.561479671553,0.274350295424,-0.780687193332,-0.533771161398,-0.841001094598,0.0883487755664,random
-0.947527781688,-0.180164524378,-1.03783255052,-0.532681862756,-0.725739184055,-0.474821967518,-0.668773146917,-0.12716164978,-0.732511018885,-0.000173269661427,-0.985237602427,0.171192396856,-0.743466507612,0.11461579991,0.65887841858,random
-0.474977432914,0.355083795309,2.01869972168,0.233580161825,-0.0136270669536,-0.844922498744,-0.225749204456,0.16876566917,0.959455807006,0.275254369541,0.955799200696,-0.103358212047,-0.934490411259,0.240761369116,-0.262224397045,random
0.686765026756,-0.514354137171,-1.34385121498,0.936425845479,-0.183572870344,-1.43910588696,0.430733081248,-0.322598463411,-0.842851851824,0.514402281905,0.85512630215,-0.0644150583436,0.741524986153,-0.405819219328,0.534276572699,random
0.0808850255322,-0.59332076899,-0.7290377719,-0,-0,-0,0.0857346806282,-0.628894734282,-0.77274897459,0.990835164563,0.135076558537,0,0.104380272101,-0.765666857404,0.634711763141,random
0.902380230187,-0.749657654791,0.798667057515,2.88213248217,-2.42620260038,3.01940025526,0.635834553135,-0.528223274395,0.562756246902,-0.473524106515,0.308806475857,0.824871796717,-0.60949925479,-0.790960639259,-0.0537766264664,random
1.50314926562,-0.903184749045,1.11505012735,-1.06117112945,-0.0883485848118,-0.954450559424,0.723325501667,-0.434618554953,0.536569595047,-0.230022331724,-0.884344682129,-0.406231719709,0.651068310968,0.170414773067,-0.739641034268,random
0.0137114644216,1.12759214988,-1.33618491743,0,-0,0,0.00784211351733,0.644913290713,-0.764215511958,-0.999926076003,0.0121590513172,0,0.00929213562734,0.764159018093,0.644960968805,random
0.544731897555,-0.168675852584,2.50286572581,-0.139193233511,-1.02606989027,0.0601833969771,0.212205128787,-0.0657091702935,0.975013481064,-0.154626714409,-0.987425280219,-0.0328921749984,0.964914277285,-0.14378324285,-0.219697101865,random
-0.146868722967,-1.00787403832,-0.256853563725,-0,-0,0,-0.139820815933,-0.959508379653,-0.244527726052,0.989548804769,-0.144198345968,0,-0.03526049364,-0.241972119048,0.969642300641,random
-0.812305812394,-0.00373724950833,1.41109906434,-0,-0,0,-0.498896169892,-0.00229531715419,0.866658723597,0.00460074259993,-0.999989416528,0,0.866649551338,0.00398727370925,0.498901450001,random
0.958892014976,0.0205598877313,-0.717840431824,-0.884538869407,4.65865526803,-0.946731534592,0.800414185141,0.0171619176383,-0.599201636186,-0.172882723837,0.963725383707,-0.203334573049,0.573976215556,0.266343487589,0.774346466767,random
0.622482533972,0.500951893168,0.386969237433,0.235416924693,-0.253890753371,-0.309955929481,0.701154583776,0.564264372053,0.435876092579,0.698620061983,-0.421490128353,-0.578166135896,-0.142521081406,0.709895619182,-0.689736146089,random
-2.85802505479,-1.14285755322,-0.630277337709,-0.504374012112,0.359457912888,-0.251180035282,-0.909641979426,-0.363744609295,-0.200602413929,-0.290679328495,0.902378708303,-0.318148070538,0.296743992779,-0.231089865659,-0.926574593187,random
1.25392997027,-1.75244572463,-2.01811737079,0.0592537391071,-0.136483504788,0.813363604885,0.424726722914,-0.5935822154,-0.683569575394,0.360762326246,-0.581547477023,0.729145442234,-0.83033592889,-0.556293704377,-0.0328566532888,random
-0.640166653023,-1.71004518782,0.356070806992,1.14110640472,-1.81393363517,4.06117264582,-0.344113244956,-0.919212514151,0.191401223806,0.449680641762,0.017605578097,0.893015881183,-0.824241102512,0.393368017826,0.40729376067,random
0.853843737042,0.63436016343,0.519261331682,-0,0,-0,0.721347810607,0.535922786776,0.438684513913,-0.596370189762,0.802709534491,0,-0.352136241951,-0.261618366808,0.898641139306,random
-0.353623575458,-0.868072943915,0.53137723766,-1.88096501191,-0.807823156988,0.151009097668,-0.328195182191,-0.805651482977,0.493166919373,-0.927643406619,0.17638066399,-0.329192301743,0.178229157387,-0.565522368565,-0.80524457037,random
-2.08525723109,-0.445052262618,0.116016069145,0.594214389382,0.159673389174,-0.651119526188,-0.976529481961,-0.208418725988,0.0543305210562,-0.0639197806706,0.0395488759915,-0.997171072608,0.205680413505,-0.977239745951,-0.051942722637,random
0.0583984672563,0.852160306462,0.0866963112417,1.6784049942,2.3543661558,0.354880811461,0.0680200767919,0.992560459337,0.100980214469,0.994825348043,-0.075133325746,0.0683923259805,0.075470497838,0.0958056257399,-0.992534879001,random
-0.164348954287,-0.400091224033,0.0771534450312,-0.436849696867,0.578410703727,-0.715818942596,-0.374065402817,-0.910625111861,0.175604612878,-0.693502127748,0.148945144041,-0.704890163696,0.615735229806,-0.385457195698,-0.68723567796,random
-0.403690486381,-0.600346993967,-0.0630263658215,-0,0,-0,-0.555900474309,-0.826705582507,-0.0867902213109,0.829836881107,-0.558006049031,0,-0.0484294684882,-0.0720217265632,0.996226609504,random
0.0073784150121,0.231340652785,1.12711619157,0.581964970205,-1.01105242329,0.721275726085,0.00641246512289,0.201054544242,0.979559059236,0.454104544338,-0.873335345775,0.176279427703,0.890925329701,0.443691834565,-0.0969000146457,random
-0.978512846948,0.147573169869,-0.513400823038,-0.687479862869,-0.756379376041,0.217955568756,-0.877723923627,0.132372816651,-0.460519436404,-0.346181215108,-0.839681569999,0.418441665362,-0.331299381526,0.526699438405,0.782833584732,random
0.300945117895,0.0159393037876,-0.381627599467,-0.507868258814,0.305736109942,-0.410167422604,0.618880707324,0.0327784935383,-0.784800764821,-0.719863850286,0.423451281637,-0.549986408133,0.314297163768,0.905325677555,0.285661881262,random
1.4887814588,-0.669816246953,-0.352485981704,2.76369977688,1.03938806767,5.38199440273,0.891410729474,-0.401053751563,-0.211051651821,0.321497787955,0.231385299565,0.918204778622,-0.31941522149,-0.886350230723,0.335197232654,random
-0.238913922565,0.257163756735,-0.979349937721,-0,-0,-0,-0.229646448034,0.247188370871,-0.941360939391,-0.732624418092,-0.680633133205,0,-0.640721445654,0.689664010436,0.337401217822,random
-2.15224285046,0.115742846553,0.239556642836,1.03184537472,-0.620621067022,-1.7833258661,-0.9924459741,0.0533715431175,0.11046477664,-0.121733982366,-0.316665753484,-0.940693168949,-0.0152258342988,-0.947034465558,0.320770782669,random
-0.551121810297,-0.488151146701,0.0986180900105,0.447669242208,-0.593484000002,1.23881285341,-0.741951495459,-0.657176810168,0.132765276198,0.429159599989,-0.313381980713,0.847120872073,-0.515101947311,0.685500090695,0.514547966213,random
-1.78455392546,-0.0156920496685,-0.522938453854,-1.11078989427,-0.470649522887,-0.905120505991,-0.959611860895,-0.00843811821477,-0.281200772741,0.221960604111,-0.636855963795,-0.738341365224,-0.172854177422,-0.770936624853,0.613007466356,random
0.779187489946,-0.934323057108,-0.792007098611,0,-0,0,0.536749667911,-0.643616070708,-0.545580560067,0.767984765917,0.640468109525,0,0.3494269499,-0.418997558712,0.838058382499,random
1.97302818583,-1.07453379883,0.978003026246,0,-0,-0,0.805220172871,-0.438532149446,0.39913660206,0.478281413291,0.87820663269,0,-0.350524411278,0.190899618129,0.916891472802,random
0.595022431824,0.855244137161,0.661273453658,-0,0,0,0.482186682547,0.693061826259,0.535874339894,-0.820873709164,0.571109756179,0,-0.306043063599,-0.439885157035,0.844297750704,random
1.87354732857,-1.30810035584,-0.779367416124,-0.55515997773,0.0685322132759,0.739516446728,0.776029235761,-0.541819309264,-0.322816451492,-0.0112526783302,-0.523653893558,0.851856781972,-0.630596544928,-0.657433217803,-0.412467649221,random
1.65106633786,0.0563056982701,1.88003505539,1.29397222689,0.712142443612,-4.49376784549,0.659702726755,0.0224975955411,0.75118983653,0.734613424886,0.191560473633,-0.65088224812,-0.158541566437,0.981222932435,0.109845931082,random
0.59050710183,0.894118454183,0.964318483738,1.08467931135,-0.699842984874,-0.926746788539,0.409634418954,0.620249430227,0.668947148219,0.909349840152,-0.219206845177,-0.353597549826,-0.0726808848582,0.75315270917,-0.653818388886,random
-1.20655736147,1.6976627957,0.629876273466,-1.06900804196,-0.838165314157,-2.22956222113,-0.554507049732,0.780208234061,0.289477189605,-0.581217553829,-0.114144684771,-0.805702889444,-0.595573745995,-0.615017156218,0.516764753673,random
-0.469486986636,1.45948413881,-0.0157659246318,-0.348723265375,-2.37814167124,0.122784888661,-0.306209994916,0.951908452089,-0.0102828914086,-0.947999775218,-0.303932321251,0.0944540644237,0.086786319204,0.0386709573309,0.995476113153,random
-2.28701894505,-1.22576343697,-1.56064154396,1.30406531534,2.51252772815,2.69795181468,-0.755299758808,-0.404814673837,-0.515409889496,-0.64702996296,0.585722741666,0.488140447953,0.104280877333,0.702178004313,-0.704323468927,random
0.0732154130454,0.62362873898,1.83299707399,-0.366664587274,-0.39519368106,0.110726139015,0.037787365568,0.321862380588,0.946032094046,-0.665199375663,-0.698371461193,0.264172467923,0.745708995266,-0.639282339936,0.18771303691,random
-0.474053729866,-0.031443456806,0.00313825510937,0.614715286527,0.842537205457,0.871699577095,-0.997785703269,-0.066182016269,0.00660538222583,-0.0397611216674,0.673154270339,0.738432381148,-0.0533173851153,0.736534635334,-0.67429517824,random
-1.1313061409,0.631348038749,0.327924362341,-2.06269149776,0.297863803332,-0.484614301027,-0.846527045071,0.472421363531,0.245377295697,-0.469677150281,-0.445824227591,-0.762000087006,-0.250589976791,-0.760301790983,0.599287785758,random
1.77980615123,-0.913800908997,-0.12578685046,0.864554367765,-4.12427637892,-1.1277528589,0.887845174899,-0.455843872273,-0.0627479841944,-0.454017191895,-0.845667290093,-0.280562335197,0.0748287035375,0.277584579144,-0.95778257791,random
1.1295072677,-1.54963574488,1.18735848801,-0.110150767056,0.0136732384284,0.419401703319,0.500793990823,-0.687067973085,0.526443709352,-0.465471909779,0.299003715442,0.83302621769,-0.729754259982,-0.6622192828,-0.170071577653,random
-0.466766047232,-0.388263541919,0.517450204339,0.0603414409022,-0.232736435132,-0.0784896752589,-0.585117517395,-0.486710207587,0.648652961658,0.302910864245,-0.873146700342,-0.381916022189,0.752251619579,-0.0269817255454,0.658323239243,random
-0.0528690472392,0.134066392376,0.437432320682,0.0129312550621,0.272120829051,-0.0785584152161,-0.114792840235,0.291093990993,0.949782549976,0.0468722841944,0.956625187701,-0.287526067044,-0.992283020516,0.0115125437279,-0.123457962609,random
0.691026219334,0.558951625121,1.2918028936,-0.321609840492,0.808474005176,-3.03001811815,0.440698786913,0.356468823095,0.823841342355,0.339719323072,0.78327608907,-0.520643207795,-0.830888296189,0.509321653234,0.224089474993,random
-1.32486754808,-0.0399511301364,2.23939345445,-0.527027797124,-0.639795571292,0.227428910482,-0.509122045675,-0.0153524789188,0.860557403082,-0.398497932605,-0.882014775912,-0.251494200298,0.762885404446,-0.470971587747,0.442935235918,random
1.00372018774,-0.356025360158,-1.05166694991,0.0420283005256,-1.54420014279,-0.327064725137,0.670607079439,-0.237868212574,-0.70264134411,-0.260226669666,-0.962435873333,0.0774549553996,-0.694671307454,0.130904175519,-0.707315962941,random
-2.27035050106,0.0411148025045,-0.947775936921,0.132099531224,-1.84448705905,1.61203422049,-0.922688621003,0.01670938492,-0.385183729053,-0.249879036595,-0.786742450011,0.564443783225,-0.29360888226,0.617055195106,0.730093631291,random
-2.53191107565,-1.57470975352,0.642812740757,3.51049870015,-2.28497994248,3.43742067773,-0.830090488252,-0.516270733489,0.210747030953,0.501946797449,-0.52715936482,0.68567661227,-0.242897496578,0.674957431121,0.696730415822,random
0.216638983694,1.59145789837,-0.521803568579,0.804666504542,0.860096137734,-2.21950473627,0.128281988177,0.94237602033,-0.308984089907,0.309364711338,-0.334036666968,-0.890344304468,-0.942251137908,0.018626363757,-0.334388773264,random
0.66589264025,0.307879700834,1.0133981413,0,-0,-0,0.532258062556,0.246092903211,0.810024467429,-0.41967010315,0.907676707051,0,-0.735240341227,-0.3399430518,0.586396079596,random
-0.684046664265,0.539258978704,0.53671512411,0.752030150055,-1.77830716939,-2.72161177925,-0.668586118729,0.52707086577,0.524584506347,-0.683045476384,-0.156362325534,-0.713442149263,-0.294009317937,-0.835312591555,0.464555050943,random
0.234772757687,-1.070913546,-0.885008331863,0.171518161618,0.047964205461,-0.039512660241,0.166626494063,-0.760065057687,-0.628121580237,0.92873103813,0.334955465717,-0.158944942672,0.331201253456,-0.556871568739,0.761708464992,random
-1.49715737122,0.15957311159,0.282936202961,1.22630415914,0.161113321349,2.01510796687,-0.977262460232,0.104160601027,0.184685280992,0.195915267332,0.110477637011,0.974377698712,0.0810881732905,0.988405413236,-0.128372299342,random
-0.721415809541,0.46722912134,0.141178975759,0.119299397187,0.783635338129,0.264718095408,-0.828242812394,0.53641624757,0.162084709521,0.5600150645,0.782053799963,0.273450144443,0.0199241373823,0.31725299574,-0.948131618207,random
0.996232877341,0.583621308834,1.34491080186,-3.12447973319,-1.30151182254,-0.196723800063,0.562038612775,0.329258066325,0.758750106102,-0.737108228912,-0.216756778487,0.640068713381,0.375212015559,-0.919024278645,0.120873151033,random
-0.110822724332,-0.412622058933,0.032102359108,0.158677438873,0.759321846465,0.408367233526,-0.25865978549,-0.963058198538,0.0749267749073,-0.070992967798,0.0963094031179,0.99281644698,-0.963356171877,0.251482415089,-0.0932817292276,random
-0.953311069398,-0.20195789079,0.150569738271,-0.0566457482481,0.152906568839,0.400683820981,-0.966814989264,-0.204818681209,0.152702601033,0.0593517611217,0.401291108701,0.91402560934,-0.248487715967,0.89275682798,-0.37581790951,random
0.994200631591,0.0680899724547,-1.35387753787,-0.0821484182534,-1.68764736764,-0.365199180638,0.59140322612,0.0405035242351,-0.805358112059,-0.108709218697,-0.98561575185,-0.129398205069,-0.79901472446,0.164076367065,-0.578493228885,random
0.254685344789,-0.710281425348,-0.673916077011,1.83635518437,0.753240374718,-0.785482274356,0.251741177735,-0.702070559609,-0.666125595337,0.825533130453,0.514999162504,-0.230804924437,0.505095466181,-0.491805644488,0.709229002574,random
-1.97212200289,0.310121978333,1.62745130432,-1.8844791353,-0.4339680225,-0.185485001777,-0.76567555499,0.120404730299,0.631857298298,-0.619891876847,-0.400316910166,-0.674892904434,0.171682863181,-0.908432205702,0.381150786609,random
-1.40471860901,0.896859910573,0.0225786026911,1.08955787481,0.554145468344,-2.75046298058,-0.842782002866,0.538084557915,0.0135463714056,0.18233751939,0.309086807465,-0.93339079408,-0.506430177485,-0.784174951133,-0.358605802167,random
0.213334635442,0.72926130754,-0.478655631955,-0,-0,-0,0.237560379635,0.812074385922,-0.533010560644,-0.95977561,0.280768193443,0,0.149652412198,0.511570535978,0.846108587737,random
0.769553037747,0.6003681245,0.140812363421,0.29099194565,0.377610877954,-0.564131340916,0.780365025447,0.60880311528,0.142790734588,-0.00432973345308,0.233601711373,-0.972322731325,-0.625309267856,0.758148407153,0.184930560655,random
0.567749029163,-1.23480593221,-1.18013159513,1.73012819924,-3.08793289378,-3.78724707518,0.315426094927,-0.686024974388,-0.655649382792,0.173335634537,0.720949043875,-0.670959934672,0.93298506764,0.0979908702459,0.346318715795,random
-0.652513777211,1.13623073555,0.270564539371,-0.140739812863,-0.336210465852,0.561031348799,-0.487711738666,0.849258800217,0.202229449441,-0.289241769141,-0.375756214879,0.880424026231,0.823696824658,0.370899928868,0.428901834706,random
0.157216972128,0.164007931385,-0.297350584967,0,-0,0,0.420130297331,0.43827775109,-0.794608800709,-0.721894299737,0.692003338147,0,0.549871942612,0.573623563753,0.607121778424,random
0.411360180055,-2.23163333541,0.25032711571,1.29709990907,-0.984174545517,-0.353977889999,0.180184406754,-0.977502315807,0.109648539226,0.907871527873,0.122369054987,-0.400992647387,0.378553653316,0.171799409118,0.90949551653,random
-0.555932375091,-3.67283201456,-1.88696716162,-0,0,-0,-0.133430342242,-0.881523103633,-0.452894426473,0.988737715523,-0.149658711413,0,-0.0677795962719,-0.447793800604,0.89156415275,random
0.462549021255,0.672200280401,1.09628277235,0.708356686004,-0.929457166494,1.79461781069,0.338462920817,0.491871909405,0.802187556604,0.167573056364,-0.870382519679,0.462983304469,0.925938508765,-0.0222776608833,-0.377016689037,random
0.370438151902,-2.10504171583,0.707643743253,-1.87933501501,0.386043979552,-0.992632676754,0.164530588241,-0.93495702319,0.314300891377,-0.89281107496,-0.276616820119,-0.35548772026,0.419306653848,-0.222122712964,-0.880251913048,random
0.937244280184,1.03613541445,-0.230839742408,-3.36138834413,0.495359865018,0.163211389114,0.661856988168,0.731691277544,-0.163012887771,-0.746283226784,0.663660184035,-0.0511517892959,0.0707578450395,0.155508953096,0.985297058187,random
-0.691502035983,1.4196785415,-0.770590201048,0.374031434974,-1.03725401878,-0.222879341918,-0.393542812931,0.807957544022,-0.4385529175,0.035817659373,-0.463209560894,-0.885524702068,-0.918608267798,-0.364199821188,0.153353645471,random
0.9919522595,-3.08489380369,-0.285846087265,2.77338212093,-0.556574064595,1.92483195829,0.304931171936,-0.948312052166,-0.0878705417001,0.751333501658,0.182837811005,0.634088561759,-0.585247767761,-0.259373450036,0.768251562802,random
0.73091457398,1.42997025542,0.833630898913,2.83506925958,-1.05568943177,1.39219377996,0.403950217524,0.79029317008,0.460717838908,0.767868474206,-0.566666136263,0.298776666312,0.497194356447,0.233079804654,-0.835746119692,random
-0.641300120082,-0.9589079005,1.9809359627,-1.04642974694,-0.409330146214,-0.216404679645,-0.279756395248,-0.418307449537,0.864150008378,-0.87271709705,-0.26432756214,-0.410482409378,0.400126514784,-0.868993565888,-0.291116737085,random
-0.537087362539,-0.475240577457,-1.80726023517,1.62658334103,0.226235341126,3.02881776587,-0.276229443153,-0.244421018312,-0.929492151953,0.769981727893,-0.635063316331,-0.0618281728818,-0.575174263547,-0.73277073499,0.36362290425,random
0.731171723361,-1.27110642652,1.21169078458,-0,-0,0,0.384374003545,-0.668215482744,0.636980921237,0.866822149426,0.49861744982,0,-0.317609802532,0.55214917129,0.770879566456,random
-1.36791881097,1.11690063517,-0.765618097564,-0.500318581989,-0.385020055937,-0.424987006849,-0.710682456576,0.580269589679,-0.397765822073,-0.409593871486,-0.800973585543,-0.436662542134,-0.571981910865,-0.147405965131,0.806912743168,random
-0.24677934277,-0.184920857367,-0.598697107697,1.22743165699,-0.724073932635,-0.736010313367,-0.366440849158,-0.274587634604,-0.88900097581,0.8858887945,-0.395081896341,-0.243128235633,-0.284468184244,-0.87664811989,0.388028254186,random
-0.668847145918,2.46572279739,-0.536744979791,-0.202866368284,0.328121759185,-0.084438549087,-0.256204222017,0.944503680506,-0.205602028518,-0.960154310579,-0.273231893219,-0.0587199489523,-0.111638239406,0.182365375107,0.976872444828,random
1.59509775534,-2.3737350573,-1.03974511425,0.0431325119901,0.0369168028101,0.741658897418,0.524180942349,-0.780056692487,-0.341680985987,0.25709371824,-0.237548279432,0.936735627048,-0.811872625305,-0.578862998857,0.0760293945432,random
2.05655407801,1.08231745509,1.60929205769,1.50362209912,-1.16892819284,2.09884249783,0.727527091376,0.382880896965,0.569303565818,0.0761479517238,-0.869729502704,0.487618787143,0.681840025785,-0.311404577464,-0.661907371444,random
-0.276853340602,-0.973031791842,2.30296115613,0.135074181678,0.147941460507,-0.256493201964,-0.110064811021,-0.386834993766,0.915556893357,0.935866343729,0.269881658496,0.226534935677,-0.334723653257,0.881772407147,0.332321377502,random
0.976575753745,-0.414413516464,0.940880373191,0.173987661711,-0.419560842181,-0.633053121793,0.688704430996,-0.292254260828,0.663531200287,0.390581367301,-0.621473743249,-0.679129282221,0.610845645187,0.72688226934,-0.313862651929,random
-0.260915630551,-0.996649442805,-1.06190884518,-1.23234198076,1.4371901585,-1.64124738528,-0.176349202031,-0.673621329514,-0.717729240987,-0.468636637797,0.698672195983,-0.540589367518,0.86560999339,0.241021714757,-0.438893919254,random
0.852388561785,0.244526724517,-0.157977319516,0.516355791058,-0.163894261001,-0.289940083806,0.946329726198,0.271475848733,-0.175387892595,0.131637960395,-0.819352614236,-0.557971989376,-0.295180447688,0.504937775473,-0.811114262113,random
0.183346919557,0.870230932112,0.424615609371,0.219017114465,-0.0491091699037,0.750923428355,0.186043978266,0.883032150261,0.430861764092,0.22280185932,-0.465009327017,0.856811331199,0.956946691114,-0.0634077865298,-0.283253390047,random
-0.662184089026,-2.78492837783,0.63313252931,-1.44367903962,-0.246850368954,-2.28123468336,-0.225866327158,-0.949919447661,0.21595704483,-0.527045635625,-0.0672797899397,-0.847169598035,0.819272421253,-0.305166303548,-0.485454660039,random
0.396352542375,1.75529868427,-0.3797112266,1.01594282814,-0.868810216332,0.0878517721924,0.21551247397,0.954424966565,-0.206463935739,0.97315716351,-0.227401594735,-0.035406917706,-0.08074347449,-0.19329122564,-0.977813373511,random
-0.695859396059,-1.1689903838,-0.657443888475,0,0,0,-0.460542134184,-0.773675442549,-0.435117515434,0.859282614885,-0.511501112175,0,-0.222563093071,-0.373888916444,0.900373671185,random
-1.15289804031,-1.27961870793,-0.235027996642,0,0,0,-0.66321669374,-0.736114087322,-0.13520232095,0.742935714321,-0.669362774873,0,-0.0904994007205,-0.100446632893,0.990818011751,random
1.84185715873,-0.466528983414,-0.531229723697,-0,0,0,0.933583642471,-0.236469926883,-0.269264843957,0.24553860862,0.969386812205,0,0.261021788723,-0.0661149151357,0.963066167929,random
-0.145883308653,-1.78591769003,-0.918250224867,0,0,-0,-0.0724545190617,-0.886995287602,-0.456058880453,0.996680355461,-0.0814141820398,0,-0.0371296607141,-0.454544927081,0.889949603944,random
0.200880204034,-0.610337016459,-0.437646199179,-0.335430146406,-1.08874616496,2.62756127385,0.258389888498,-0.785069461612,-0.562939256018,-0.0546791827664,-0.59367952237,0.802841710233,-0.964492017849,-0.176665121523,-0.196327742165,random
1.65448365892,-0.0740139126573,-0.0405507063932,1.19851157389,-0.308151223127,-0.910472225548,0.998701547535,-0.0446772675641,-0.0244777595778,-0.0358922219523,-0.27610934316,-0.960455818361,0.0361520034613,0.960087273316,-0.277354394706,random
0.230566771317,-1.15706598726,0.438656423791,0,0,-0,0.183175228398,-0.919238384952,0.348493367702,0.980718398997,0.195426256857,0,-0.0681047543896,0.341773857634,0.937311246421,random
-1.14454075874,-0.967999300344,0.852163714173,1.11543049603,0.246511874335,-0.432856015862,-0.663774739513,-0.561389778851,0.494211100023,0.714271508861,-0.671798861263,0.196220543355,0.221854246779,0.483247148162,0.846907838539,random
-0.368289922028,-0.79751308401,1.34828660887,-0.245410592103,-1.32996448772,0.451111796451,-0.228864487111,-0.495594400007,0.837858721516,0.00524235365288,-0.861318250011,-0.508038768134,0.973444176246,-0.111879680372,0.199723240641,random
-1.18806245037,-1.67840565776,1.36369901434,0,-0,0,-0.481497850833,-0.680224105039,0.552679822834,0.816209826701,-0.577755587422,0,0.319313855698,0.451102702416,0.833393672541,random
-1.6854268811,0.779795759738,0.563279530591,0.118572907032,-0.633451615151,-0.721782398028,-0.868496524145,0.40182692852,0.290256622774,-0.476843032789,-0.517305163877,-0.710644840625,-0.135404983766,-0.755599422275,0.640886108001,random
0.837754367366,-1.01337938452,-0.586809355516,-0.125963531593,-1.17176092497,-0.515518229719,0.58184186164,-0.70381793352,-0.407554124624,-0.802143043571,-0.579333065754,-0.144705689504,-0.134263121124,0.411112533717,-0.901642888802,random
-0.813691264911,-1.40301314061,0.88752746075,2.49325506206,3.2727139394,-1.83699794904,-0.440106823573,-0.758857423417,0.480043117616,0.851565263916,-0.183133308131,0.491221734806,-0.284855375826,0.624978081518,0.726814840578,random
-0.42833220547,1.86361220527,-0.0842644848694,2.08755239618,0.20552907223,-0.271520299807,-0.223782206852,0.973644397238,-0.0440239891899,0.967024265597,0.216171810032,-0.13466186652,-0.121596026431,-0.0727071954837,-0.989913162899,random
0.540766637943,0.787341169853,-0.175139550216,1.00255361414,1.71155045086,0.320497766192,0.556867764209,0.810783961439,-0.180354265426,-0.0711992419898,0.262933679756,0.962183219553,0.827543933048,-0.522967731244,0.204146493853,random
-0.812684943789,-0.0262323316109,-2.19869234362,-0,0,0,-0.346675249478,-0.0111901914452,-0.937918467147,0.0322617967064,-0.999479452752,0,-0.93743023627,-0.0302589349143,0.346855804313,random
1.15219346696,-0.669934085476,0.767651603062,-0.57823001442,-0.610201174812,2.36615584266,0.749117809165,-0.435568824844,0.499101499512,-0.582186486321,-0.0734394210388,0.809731774468,-0.31604019228,-0.897154641219,-0.308597061882,random
-1.12851206416,1.88297871712,0.36210508074,-0.691136426988,1.89267832492,-0.737639344833,-0.50721470043,0.846313049056,0.162749717867,0.21336666016,0.306280402843,-0.927721393074,-0.834989769997,-0.435828564727,-0.335924911502,random
-0.585002088592,-1.83175581156,-0.193824448239,0.476464025459,1.1559343901,0.913635568037,-0.302694732208,-0.947796333833,-0.100289623916,0.0928851632171,-0.134061111147,0.986610340982,-0.948550602523,0.289326334871,0.128615809303,random
0.0443524197645,-0.12015817675,-0.271996119014,0.202654270487,1.79541061384,0.600225479501,0.147524550758,-0.399668859987,-0.904710621846,0.264490328186,0.897347599246,-0.353287634122,0.953037970503,-0.187168609773,0.238089349396,random
-1.22506184143,1.35580560472,0.165281750871,2.55390884766,-0.0926403104674,2.96542231342,-0.667700011969,0.738959771572,0.0900841274318,0.428425407116,0.282480352532,0.858286968893,0.608792546402,0.611672548372,-0.505201275744,random
-1.15749980847,0.0800494271141,-0.028442412776,-0.945243034667,-0.133598762098,0.465065812649,-0.99731757525,0.0689716749544,-0.0245063696222,-0.0486484096232,-0.374438249323,0.925974799703,0.0546899107624,0.92468313789,0.376789209191,random
-1.04053316673,0.732536112939,-0.9772274645,-0.849953101097,0.752268714386,-0.848034315722,-0.648525457722,0.456562398136,-0.609069378063,0.515001437018,0.852388717512,0.0905924617604,0.560524977637,-0.254920087217,-0.78792607431,random
-0.19283819227,-0.0490321513853,1.07609893761,0.937801955496,0.99528706358,-0.926715355606,-0.176214178241,-0.0448052336626,0.983331609592,0.610135804554,0.778947172177,0.14482956521,-0.772452499114,0.625486845581,-0.109924258549,random
0.250992516834,-1.1882618335,-0.985385582333,-0.232732901901,-4.47332515838,-2.00281536207,0.160485998294,-0.759781163955,-0.630060971059,-0.593052804054,-0.584490172299,0.553768552817,-0.789007361154,0.284787326589,-0.544392838545,random
0.610586963473,0.168017908988,0.0469435548029,0.424344207997,0.529038910905,-0.998441363161,0.961524281486,0.264586879317,0.0739245521155,-0.0284660935506,0.363598944973,-0.931120555424,-0.273241171184,0.893190679815,0.357140969173,random
0.356629251639,-0.160958460007,0.969532783644,1.34070021654,-0.607887368196,-1.3863576901,0.341106364369,-0.153952472645,0.927332240544,0.844676991766,-0.382708921102,-0.374238775771,0.412513306171,0.91095143552,-0.000504337219796,random
0.332849708027,0.353562309148,0.367217319896,0.0298419672828,0.924792735833,0.123630370033,0.546726108235,0.580747828937,0.603177023567,-0.453847733471,0.810911208715,-0.369384956927,-0.703642521028,-0.0717981250862,0.706917415146,random
0.871186319215,0.00364711630548,-0.581580193128,0.877610084896,-0.659573777278,-2.13207001167,0.831697301606,0.00348180030266,-0.555218403484,-0.491658013466,-0.460003473999,-0.739370814749,-0.257976735957,0.887910288811,-0.380871793034,random
-0.892588576072,-1.82289590884,-1.25232505794,-0.0317074435077,0.647905196454,-0.080511736523,-0.374258972434,-0.764333275133,-0.525095101936,-0.407912123074,0.644215429548,-0.646988547179,0.832789241886,-0.0279486109975,-0.552884213684,random
1.35610794734,0.159218786724,0.468953368517,0.374746413711,-1.30897696433,0.233670007707,0.939322004031,0.110284516891,0.324825334721,0.0801756686177,-0.991266314134,0.104704138529,0.33353565762,-0.0723078128381,-0.939960395601,random
-0.402787181049,0.0293213852213,0.521522639148,-0.170978946786,-2.75997944777,0.588373994442,-0.610646009396,0.0444527227226,0.79065504909,0.036513111676,-0.995780889544,0.0841855848357,0.791061466565,0.0802768675333,0.606446519204,random
-0.430403324822,-1.21336337982,2.0236648279,-0,0,-0,-0.179448201819,-0.505887998778,0.843727251875,0.942463228255,-0.334309831423,0,0.282066315342,0.795181909569,0.536772134563,random
-1.12880869666,-0.146261247398,-0.395627891788,0.216895294594,-0.385388766974,-0.474118349862,-0.93673913878,-0.121374538777,-0.328310839319,0.333466288592,-0.594554583315,-0.73164546184,-0.10639558379,-0.794841536909,0.597416865308,random
0.742120967149,1.4862735386,1.61697428896,0,0,-0,0.320118953846,0.641114254102,0.697492916506,-0.894671644613,0.446724353852,0,-0.311587072443,-0.624027134717,0.716591676915,random
0.749626637403,1.00356350848,-0.934191317218,-0.665968609361,-0.303655353111,-0.320776119333,0.479723029888,0.642229748719,-0.597835064591,-0.699178300515,-0.131849221411,-0.702684486026,-0.530108968688,0.755087235141,0.385781996266,random
0.730764382431,-0.08268005257,-0.0742522831176,-0.0631003692427,0.490479613092,-1.08563749282,0.988634014716,-0.111855906328,-0.100454174458,-0.04610817923,0.410385841418,-0.91074557203,0.143097242303,0.905025810341,0.400563929806,random
-0.661932136685,0.528979565985,0.473579584259,-0.0638396520299,0.308975417925,-1.05035442235,-0.681914816367,0.544948618761,0.487876199594,-0.254830208577,0.448217977307,-0.856832661385,-0.685604658689,-0.708612480647,-0.166777109504,random
-0.863530356921,0.806810230859,-0.635668201413,-3.55995061011,-0.663642484439,-0.156164870412,-0.643512145064,0.601243694744,-0.47370680667,-0.753603584071,-0.606055361843,0.254516279355,-0.134066241952,0.520771464187,0.843103389186,random
0.353640207658,0.116625340516,-1.76248940646,-0.867566349404,3.00514027695,-3.08018675951,0.196314401391,0.0647416029473,-0.978401339254,-0.461966777065,0.886243386294,-0.0340493338831,0.8648973076,0.458673287971,0.203890809522,random
0.779342679918,0.488704216011,2.31027924316,-0.457975883483,-1.57792083137,-0.0454188767015,0.313406407697,0.196528480619,0.929060267109,-0.193081986944,-0.944725918562,0.264976008566,0.929782646607,-0.262429981334,-0.258137046865,random
0.95287216003,1.23208559294,0.016666767298,-0,0,0,0.611736444257,0.790989275646,0.0106999337286,-0.791034559154,0.611771465683,0,-0.00654591413983,-0.00846401735995,0.999942754071,random
0.891329534356,1.05041481865,0.108010361851,-0.549797200587,-0.157903637388,-0.178859113556,0.645026858108,0.760151822716,0.0781636663686,-0.676052881072,0.615344710617,-0.405343544553,-0.35622023288,0.208614701154,0.910816695142,random
1.4914208162,-0.518012363402,1.08754664198,-0.381616258748,0.536393698521,-0.410814226281,0.77793997657,-0.27020041659,0.567275178136,0.374355117339,0.924401804572,-0.0730722233524,-0.504646053167,0.269208169597,0.820280026848,random
-1.33338475522,-1.47623574387,0.168119271255,-0,-0,0,-0.667908161439,-0.739463907685,0.0842129272345,0.742100008457,-0.670289174497,0,0.056447013478,0.0624944140129,0.996447782318,random
-0.242429409694,0.413905473651,-0.87156201026,0.600360726266,0.170361037339,0.190863097273,-0.243686406326,0.416051573775,-0.876081059795,0.893396160592,0.447839231961,-0.0358234916661,0.377439048869,-0.791417153135,-0.480831211667,random
1.89473749141,-0.138284640091,0.49473768872,-0.299724634667,-1.10783034334,0.556422122324,0.965156641096,-0.0704405435318,0.252013467846,-0.18153778785,-0.873869868387,0.450993885443,0.188458721558,-0.48102971109,-0.856208927375,random
0.840048386115,0.428971715474,-0.454145781044,-0,0,-0,0.802434590999,0.409764185904,-0.43381106385,-0.454786269845,0.890600611251,0,0.386352398632,0.197291315546,0.901003862856,random
0.142446555402,-3.2239478983,-1.2105643636,0.795738149466,0.171599027613,-0.593843682602,0.0413286381694,-0.935378014515,-0.351226299739,0.78895126948,0.246244103896,-0.562956246686,0.613064301728,-0.253834220029,0.748144605467,random
0.543678776477,0.579710481274,-0.185646315545,-0,-0,-0,0.666143262785,0.710291164883,-0.227463435601,-0.729411504258,0.684075184067,0,0.155602091577,0.165914446725,0.973786622143,random
0.504809684151,-1.53870240467,1.97373887024,-1.11110238374,1.01001866665,1.97228187463,0.197727799592,-0.602690974944,0.77308945536,-0.524916906383,0.60095778883,0.602753662318,-0.827868322055,-0.524988880611,-0.19753662084,random
0.353979595736,0.0894566981032,0.873008850694,1.87958403235,1.66688614755,0.773860237892,0.374074341625,0.0945349840781,0.922567896538,0.613109430653,0.721174704002,-0.322496313705,-0.695819813589,0.686272674011,0.211812662331,random
0.170350565423,-0.749330061525,0.676561382838,-0.159871047593,-0.25859160266,-3.37025619784,0.166383827467,-0.731881361021,0.660807154431,0.0684814477689,-0.659953576018,-0.74817883478,0.983680188511,0.169737888792,-0.0596853067306,random
-1.65518073676,-0.456897580893,0.630115866428,0,-0,-0,-0.904940021015,-0.249800458206,0.344504411358,0.266089188017,-0.963948413568,0,0.332084480796,0.0916688990866,0.938784698722,random
1.06861453544,-0.0412853296476,-1.51361308055,-1.00699910575,0.194258500294,-0.0616412482266,0.576605549402,-0.0222768354672,-0.816718913091,-0.796402750907,0.207838188021,-0.567931286291,0.182397090841,0.977909520458,0.102099319543,random
-0.711698881871,0.277781183553,-0.637303010542,0,-0,0,-0.715344694589,0.279204170433,-0.640567716277,-0.363593641176,-0.931557654736,0,-0.596725759474,0.232906348381,0.767901686978,random
0.232271576033,1.06758897912,0.75622909012,-0,-0,0,0.174804464449,0.803453108357,0.569127843178,-0.977140818355,0.212593088093,0,-0.120992645701,-0.556118046432,0.822249048719,random
0.955589667487,-0.299564323379,0.865517887828,-0.841569239785,0.541503402425,1.43240181641,0.72194307553,-0.226319304507,0.653894309581,-0.570954638801,0.339024624076,0.747711912906,-0.390907912591,-0.913149427355,0.115538423027,random
1.96452281227,2.11969652317,-2.66862401483,-1.03124742999,-0.557727674752,1.35178437722,0.499408047518,0.538855286056,-0.678400016778,-0.371170190515,0.840613778317,0.394463135638,0.782830947107,0.0548037990859,0.619816304931,random
0.524704469857,1.32392998039,0.333089076641,-0.482793347827,0.367687034982,-0.3758620644,0.358759920803,0.905220066151,0.227745364526,-0.717415403015,0.423494503806,-0.55314333112,-0.597165352931,0.0350576251891,0.801351673221,random
-0.53358290827,-1.17590996056,-0.343792592841,0,0,-0,-0.399302027234,-0.879981768189,-0.257274131427,0.91063514872,-0.413211357438,0,-0.106308593081,-0.234282866934,0.966338461047,random
-1.57088985452,-0.557427632142,-0.756772252852,-0.911344475217,0.384600638106,0.470684753684,-0.85812476897,-0.304504136093,-0.41339945813,-0.513196905867,0.533516953788,0.672300971164,0.0158371931801,0.789073438358,-0.614094693178,random
0.465981663755,-0.740377554437,-0.25453231154,2.75424510026,0.173947236441,-0.680043843535,0.511455280886,-0.812628563568,-0.279371282218,0.823233072847,0.556578304644,-0.11183871678,0.246375330391,-0.172787176821,0.953647622605,random
-0.767617358056,1.00154280943,1.13075594319,2.77746468645,-0.694029314827,1.28385381395,-0.453036535143,0.591095914417,0.667355615684,0.795093297017,-0.0706795673504,0.602354586434,0.403217741256,0.803498611523,-0.437955973149,random
1.73601695894,0.614390622233,1.72035219578,-2.0823028186,1.01813469739,1.63250198277,0.688871624178,0.243797310642,0.682655664831,-0.717266835875,0.365411100107,0.593298419071,-0.104805398503,-0.898352714273,0.426589063622,random
0.891439932652,1.03365204067,1.46790717915,1.74419062503,1.60979174314,-2.75534161459,0.444728593765,0.515676493335,0.732321126357,0.533422368718,0.504315779304,-0.679062715289,-0.719497779315,0.692635076333,-0.0507897292232,random
0.287657592039,-0.804744042824,-0.613440803835,0.049738914862,-3.04488877772,-1.22535765356,0.273443039755,-0.764977749189,-0.58312772808,-0.658092414077,-0.590923501841,0.466608818504,-0.701529242828,0.256161000579,-0.665009972285,random
-0.578898942181,2.17132680285,1.27660946469,3.09844054176,2.75508189318,-1.3229544134,-0.22399084359,0.840142012438,0.493952933917,0.781248893405,0.457787196121,-0.424359575856,-0.58264763669,0.290847523635,-0.758900157764,random
0.991437626906,1.08287934621,-0.123662338099,0,0,-0,0.672897053585,0.734959317335,-0.0839306686451,-0.737561732649,0.67527971281,0,0.0566766778186,0.0619040493882,0.996471596615,random
1.21387296876,-0.00174548124405,-0.497610587445,0.744087916041,0.543569556617,-0.330512446711,0.925271774224,-0.00133048891369,-0.379302483018,-0.0151757727707,0.999063300963,-0.0405242716063,0.379001107842,0.0432521729819,0.924384881847,random
-1.73062710182,-0.546550436631,-0.878968112834,-2.62427298506,1.8247408444,-0.840973132379,-0.858222549541,-0.271035804701,-0.435882608084,-0.316431137769,0.94802229548,0.0335419487022,0.404135361618,0.166713286341,-0.899378279506,random
-0.106525275193,0.559636651442,-1.12281246533,0,0,-0,-0.0846065466616,0.444485352212,-0.891781645882,-0.982361848234,-0.186989836982,0,-0.166754104587,0.876052265869,0.452466016479,random
-0.502601381875,-0.739922931572,1.46424298639,-0.192648308266,-0.409998046373,-0.526182394922,-0.292918823027,-0.431231114881,0.8533687882,-0.387702795075,-0.762280581429,-0.518280674797,0.874005209257,-0.482667629674,0.0560968221661,random
-0.198112696244,0.411300986188,0.162202259348,0.0306349781308,0.521908878837,0.339243417056,-0.408913123222,0.848942920041,0.334792437443,0.832984690978,0.197383311788,0.516891026062,0.372728536944,0.490240498877,-0.787869082404,random
0.392673667617,-1.00309950567,-0.616847972229,-0,-0,-0,0.316332765414,-0.808083828337,-0.496924650129,0.931193480281,0.364525310894,0,0.181141612579,-0.462732994391,0.867793692126,random
